iter	MAE
0	8.295567221
1	7.64952067
