iter	RMSE
0	15.62392699
10	12.81815272
20	10.73437524
30	9.20445402
40	8.105582943
50	7.320359601
60	6.759609499
70	6.364029247
80	6.07938387
