iter	RMSE
0	11.83680553
50	5.892387944
100	5.41952035
