iter	RMSE
0	8.940013716
50	5.6789785
